Product_Url,Product_Name,Rating-Star,Price,Ratings & Reviews,Specification,Offer
https://www.flipkart.com//samsung-galaxy-f23-5g-forest-green-128-gb/p/itm4001e68fda319?pid=MOBGBKQF3QM4GHWN&lid=LSTMOBGBKQF3QM4GHWNJ56YXY&marketplace=FLIPKART&store=tyy%2F4io&srno=b_1_1&otracker=browse&fm=organic&iid=9330e8ee-82cb-4c70-85e1-c11b208cc260.MOBGBKQF3QM4GHWN.SEARCH&ppt=None&ppn=None&ssid=8o1lfk8qgw0000001673531502867,"SAMSUNG Galaxy F23 5G (Forest Green, 128 GB)",4.3,"₹14,999","1,38,119 Ratings & 11,221 Reviews",6 GB RAM | 128 GB ROM | Expandable Upto 1 TB16.76 cm (6.6 inch) Full HD+ Display50MP + 8MP + 2MP | 8MP Front Camera5000 mAh Lithium Ion BatteryQualcomm Snapdragon 750G Processor1 Year Warranty Provided by the Manufacturer from Date of Purchase,37% off
https://www.flipkart.com//poco-m4-pro-5g-cool-blue-64-gb/p/itm827b338897bfe?pid=MOBGBEU7YYZGFMYB&lid=LSTMOBGBEU7YYZGFMYBKLZWIN&marketplace=FLIPKART&store=tyy%2F4io&srno=b_1_2&otracker=browse&fm=organic&iid=9330e8ee-82cb-4c70-85e1-c11b208cc260.MOBGBEU7YYZGFMYB.SEARCH&ppt=None&ppn=None&ssid=8o1lfk8qgw0000001673531502867,"POCO M4 Pro 5G (Cool Blue, 64 GB)",4.3,"₹11,999","33,641 Ratings & 3,005 Reviews","4 GB RAM | 64 GB ROM | Expandable Upto 1 TB16.76 cm (6.6 inch) Full HD+ Display50MP + 8MP | 16MP Front Camera5000 mAh Lithium-ion Polymer BatteryMediatek Dimensity 810 ProcessorOne Year for Handset, 6 Months for Accessories",29% off
https://www.flipkart.com//poco-m4-pro-5g-cool-blue-128-gb/p/itm509e4403d0303?pid=MOBGBEU7GKRSHG5M&lid=LSTMOBGBEU7GKRSHG5MWVOWEV&marketplace=FLIPKART&store=tyy%2F4io&srno=b_1_3&otracker=browse&fm=organic&iid=9330e8ee-82cb-4c70-85e1-c11b208cc260.MOBGBEU7GKRSHG5M.SEARCH&ppt=None&ppn=None&ssid=8o1lfk8qgw0000001673531502867,"POCO M4 Pro 5G (Cool Blue, 128 GB)",4.2,"₹13,999","41,584 Ratings & 3,730 Reviews","6 GB RAM | 128 GB ROM | Expandable Upto 1 TB16.76 cm (6.6 inch) Full HD+ Display50MP + 8MP | 16MP Front Camera5000 mAh Lithium-ion Polymer BatteryMediatek Dimensity 810 ProcessorOne Year for Handset, 6 Months for Accessories",30% off
https://www.flipkart.com//infinix-hot-20-play-luna-blue-64-gb/p/itm1e6903eb0203e?pid=MOBGK23WTVZZ3DDD&lid=LSTMOBGK23WTVZZ3DDDLYVBCR&marketplace=FLIPKART&store=tyy%2F4io&srno=b_1_4&otracker=browse&fm=organic&iid=9330e8ee-82cb-4c70-85e1-c11b208cc260.MOBGK23WTVZZ3DDD.SEARCH&ppt=None&ppn=None&ssid=8o1lfk8qgw0000001673531502867,"Infinix HOT 20 Play (Luna Blue, 64 GB)",4.4,"₹8,199",637 Ratings & 59 Reviews,4 GB RAM | 64 GB ROM | Expandable Upto 256 GB17.32 cm (6.82 inch) HD+ Display13Mp + AI Lens | 8MP Front Camera6000 mAh Li-ion Polymer BatteryMediaTek G37 Processor1 Year on Handset and 6 Months on Accessories,31% off
https://www.flipkart.com//poco-c31-shadow-gray-64-gb/p/itm162375acb8370?pid=MOBG73E7UBFXXMCH&lid=LSTMOBG73E7UBFXXMCHSM0ZN5&marketplace=FLIPKART&store=tyy%2F4io&srno=b_1_5&otracker=browse&fm=organic&iid=9330e8ee-82cb-4c70-85e1-c11b208cc260.MOBG73E7UBFXXMCH.SEARCH&ppt=None&ppn=None&ssid=8o1lfk8qgw0000001673531502867,"POCO C31 (Shadow Gray, 64 GB)",4.3,"₹7,499","1,83,688 Ratings & 11,185 Reviews","4 GB RAM | 64 GB ROM | Expandable Upto 512 GB16.59 cm (6.53 inch) HD+ Display13MP + 2MP + 2MP | 5MP Front Camera5000 mAh Lithium-ion Polymer BatteryMediaTek Helio G35 Processor1 Year Warranty for Handset, 6 Months for Accessories",37% off
https://www.flipkart.com//redmi-note-12-pro-5g-iceberg-blue-256-gb/p/itmdeba28a40f374?pid=MOBGH2UVAVEDXJPK&lid=LSTMOBGH2UVAVEDXJPK51IYG7&marketplace=FLIPKART&store=tyy%2F4io&srno=b_1_6&otracker=browse&fm=organic&iid=9330e8ee-82cb-4c70-85e1-c11b208cc260.MOBGH2UVAVEDXJPK.SEARCH&ppt=None&ppn=None&ssid=8o1lfk8qgw0000001673531502867,"REDMI Note 12 Pro+ 5G (Iceberg Blue, 256 GB)",No rating find,"₹32,999",No find,12 GB RAM | 256 GB ROM16.94 cm (6.67 inch) Full HD+ Display200MP + 8MP + 2MP | 16MP Front Camera4980 mAh Lithium Polymer BatteryMediatek Dimensity 1080 Processor1 Year Manufacturer Warranty for Phone and 6 Months Warranty for In the Box Accessories,10% off
https://www.flipkart.com//redmi-note-12-pro-5g-obsidian-black-256-gb/p/itm045272629c8bf?pid=MOBGH2UVTFKREUVZ&lid=LSTMOBGH2UVTFKREUVZIZUGGH&marketplace=FLIPKART&store=tyy%2F4io&srno=b_1_7&otracker=browse&fm=organic&iid=9330e8ee-82cb-4c70-85e1-c11b208cc260.MOBGH2UVTFKREUVZ.SEARCH&ppt=None&ppn=None&ssid=8o1lfk8qgw0000001673531502867,"REDMI Note 12 Pro+ 5G (Obsidian Black, 256 GB)",No rating find,"₹32,999",No find,12 GB RAM | 256 GB ROM16.94 cm (6.67 inch) Full HD+ Display200MP + 8MP + 2MP | 16MP Front Camera4980 mAh Lithium Polymer BatteryMediatek Dimensity 1080 Processor1 Year Manufacturer Warranty for Phone and 6 Months Warranty for In the Box Accessories,10% off
https://www.flipkart.com//motorola-g32-mineral-gray-64-gb/p/itmdcfa4c4022714?pid=MOBGEA3CZ8Z7HWCY&lid=LSTMOBGEA3CZ8Z7HWCYPHBSGA&marketplace=FLIPKART&store=tyy%2F4io&srno=b_1_8&otracker=browse&fm=organic&iid=9330e8ee-82cb-4c70-85e1-c11b208cc260.MOBGEA3CZ8Z7HWCY.SEARCH&ppt=None&ppn=None&ssid=8o1lfk8qgw0000001673531502867,"MOTOROLA G32 (Mineral Gray, 64 GB)",4.2,"₹9,999","16,997 Ratings & 1,707 Reviews",4 GB RAM | 64 GB ROM16.64 cm (6.55 inch) Full HD+ Display50MP + 8MP + 2MP | 16MP Front Camera5000 mAh Lithium Polymer BatteryQualcomm Snapdragon 680 Processor1 Year on Handset and 6 Months on Accessories,41% off
https://www.flipkart.com//motorola-e40-carbon-gray-64-gb/p/itm0ca635007c9e2?pid=MOBG2EMWUMUFGSZE&lid=LSTMOBG2EMWUMUFGSZEJNGZMU&marketplace=FLIPKART&store=tyy%2F4io&srno=b_1_9&otracker=browse&fm=organic&iid=9330e8ee-82cb-4c70-85e1-c11b208cc260.MOBG2EMWUMUFGSZE.SEARCH&ppt=None&ppn=None&ssid=8o1lfk8qgw0000001673531502867,"MOTOROLA e40 (Carbon Gray, 64 GB)",4.1,"₹7,999","56,085 Ratings & 5,600 Reviews",4 GB RAM | 64 GB ROM | Expandable Upto 1 TB16.51 cm (6.5 inch) HD+ Display48MP + 2MP + 2MP | 8MP Front Camera5000 mAh BatteryUNISOC T700 Processor1 Year on Handset and 6 Months on Accessories,27% off
https://www.flipkart.com//motorola-e40-pink-clay-64-gb/p/itm5d6f2871d1bbf?pid=MOBG2EMW2ZUR4BFG&lid=LSTMOBG2EMW2ZUR4BFG7CQBAI&marketplace=FLIPKART&store=tyy%2F4io&srno=b_1_10&otracker=browse&fm=organic&iid=9330e8ee-82cb-4c70-85e1-c11b208cc260.MOBG2EMW2ZUR4BFG.SEARCH&ppt=None&ppn=None&ssid=8o1lfk8qgw0000001673531502867,"MOTOROLA e40 (Pink Clay, 64 GB)",4.1,"₹7,999","56,085 Ratings & 5,600 Reviews",4 GB RAM | 64 GB ROM | Expandable Upto 1 TB16.51 cm (6.5 inch) HD+ Display48MP + 2MP + 2MP | 8MP Front Camera5000 mAh BatteryUNISOC T700 Processor1 Year on Handset and 6 Months on Accessories,27% off
https://www.flipkart.com//redmi-9i-sport-coral-green-64-gb/p/itmb5e8d8186b602?pid=MOBG6WQWJRFZ5WDG&lid=LSTMOBG6WQWJRFZ5WDGJDTSKF&marketplace=FLIPKART&store=tyy%2F4io&spotlightTagId=BestsellerId_tyy%2F4io&srno=b_1_11&otracker=browse&fm=organic&iid=9330e8ee-82cb-4c70-85e1-c11b208cc260.MOBG6WQWJRFZ5WDG.SEARCH&ppt=None&ppn=None&ssid=8o1lfk8qgw0000001673531502867,"REDMI 9i Sport (Coral Green, 64 GB)",4.3,"₹7,199","2,09,377 Ratings & 12,027 Reviews",4 GB RAM | 64 GB ROM | Expandable Upto 512 GB16.59 cm (6.53 inch) HD+ Display13MP Rear Camera | 5MP Front Camera5000 mAh Li-Polymer BatteryMediaTek Helio G25 ProcessorBrand Warranty of 1 Year Available for Mobile and 6 Months for Accessories,28% off
https://www.flipkart.com//samsung-galaxy-f23-5g-aqua-blue-128-gb/p/itm89d3030e3857e?pid=MOBGBKQFHKZHTHKJ&lid=LSTMOBGBKQFHKZHTHKJIHLFJF&marketplace=FLIPKART&store=tyy%2F4io&srno=b_1_12&otracker=browse&fm=organic&iid=9330e8ee-82cb-4c70-85e1-c11b208cc260.MOBGBKQFHKZHTHKJ.SEARCH&ppt=None&ppn=None&ssid=8o1lfk8qgw0000001673531502867,"SAMSUNG Galaxy F23 5G (Aqua Blue, 128 GB)",4.2,"₹13,999","32,083 Ratings & 2,613 Reviews",4 GB RAM | 128 GB ROM | Expandable Upto 1 TB16.76 cm (6.6 inch) Full HD+ Display50MP + 8MP + 2MP | 8MP Front Camera5000 mAh Lithium Ion BatteryQualcomm Snapdragon 750G Processor1 Year Warranty Provided by the Manufacturer from Date of Purchase,39% off
https://www.flipkart.com//motorola-g62-5g-midnight-gray-128-gb/p/itm37da299ffb2d0?pid=MOBGEDT5ZZMZQZSJ&lid=LSTMOBGEDT5ZZMZQZSJFXDZSQ&marketplace=FLIPKART&store=tyy%2F4io&srno=b_1_13&otracker=browse&fm=organic&iid=9330e8ee-82cb-4c70-85e1-c11b208cc260.MOBGEDT5ZZMZQZSJ.SEARCH&ppt=None&ppn=None&ssid=8o1lfk8qgw0000001673531502867,"MOTOROLA G62 5G (Midnight Gray, 128 GB)",4.1,"₹14,999","8,567 Ratings & 933 Reviews",6 GB RAM | 128 GB ROM16.64 cm (6.55 inch) Full HD+ Display50MP + 8MP + 2MP | 16MP Front Camera5000 mAh Lithium Polymer BatteryQualcomm Snapdragon 695 5G Processor1 Year on Handset and 6 Months on Accessories,31% off
https://www.flipkart.com//motorola-g32-satin-silver-64-gb/p/itm264e8f39d3934?pid=MOBGEA3CGNUPBCD2&lid=LSTMOBGEA3CGNUPBCD2ASUJ7J&marketplace=FLIPKART&store=tyy%2F4io&srno=b_1_14&otracker=browse&fm=organic&iid=9330e8ee-82cb-4c70-85e1-c11b208cc260.MOBGEA3CGNUPBCD2.SEARCH&ppt=None&ppn=None&ssid=8o1lfk8qgw0000001673531502867,"MOTOROLA G32 (Satin Silver, 64 GB)",4.2,"₹9,999","16,997 Ratings & 1,707 Reviews",4 GB RAM | 64 GB ROM16.64 cm (6.55 inch) Full HD+ Display50MP + 8MP + 2MP | 16MP Front Camera5000 mAh Lithium Polymer BatteryQualcomm Snapdragon 680 Processor1 Year on Handset and 6 Months on Accessories,41% off
https://www.flipkart.com//samsung-galaxy-s21-fe-5g-olive-128-gb/p/itm76e6e65136e17?pid=MOBGCKMEMZE5UJXK&lid=LSTMOBGCKMEMZE5UJXK6LPNPI&marketplace=FLIPKART&store=tyy%2F4io&srno=b_1_15&otracker=browse&fm=organic&iid=9330e8ee-82cb-4c70-85e1-c11b208cc260.MOBGCKMEMZE5UJXK.SEARCH&ppt=None&ppn=None&ssid=8o1lfk8qgw0000001673531502867,"SAMSUNG Galaxy S21 FE 5G (Olive, 128 GB)",4.4,"₹34,999","29,170 Ratings & 3,007 Reviews",8 GB RAM | 128 GB ROM16.26 cm (6.4 inch) Full HD+ Display12MP + 12MP + 8MP (OIS) | 32MP Front Camera4500 mAh Lithium-ion Battery1 Year Manufacturer Warranty for Device and 6 Months Manufacturer Warranty for In-Box Accessories,53% off
https://www.flipkart.com//apple-iphone-14-starlight-128-gb/p/itm3485a56f6e676?pid=MOBGHWFHABH3G73H&lid=LSTMOBGHWFHABH3G73HRLIX56&marketplace=FLIPKART&store=tyy%2F4io&srno=b_1_16&otracker=browse&fm=organic&iid=9330e8ee-82cb-4c70-85e1-c11b208cc260.MOBGHWFHABH3G73H.SEARCH&ppt=None&ppn=None&ssid=8o1lfk8qgw0000001673531502867,"APPLE iPhone 14 (Starlight, 128 GB)",4.6,"₹73,990","1,038 Ratings & 70 Reviews","128 GB ROM15.49 cm (6.1 inch) Super Retina XDR Display12MP + 12MP | 12MP Front CameraA15 Bionic Chip, 6 Core Processor Processor1 Year Warranty for Phone and 6 Months Warranty for In-Box Accessories",7% off
https://www.flipkart.com//realme-9-5g-supersonic-blue-64-gb/p/itm4f3814d50ff53?pid=MOBGDGZFXYZ4NFYM&lid=LSTMOBGDGZFXYZ4NFYMHOVCPY&marketplace=FLIPKART&store=tyy%2F4io&srno=b_1_17&otracker=browse&fm=organic&iid=9330e8ee-82cb-4c70-85e1-c11b208cc260.MOBGDGZFXYZ4NFYM.SEARCH&ppt=None&ppn=None&ssid=8o1lfk8qgw0000001673531502867,"realme 9 5G (Supersonic Blue, 64 GB)",4.5,"₹14,999","36,148 Ratings & 2,084 Reviews",4 GB RAM | 64 GB ROM | Expandable Upto 1 TB16.51 cm (6.5 inch) Full HD+ Display48MP + 2MP + 2MP | 16MP Front Camera5000 mAh Lithium Polymer BatteryMediatek Dimensity 810 Processor1 Year Warranty for Phone and 6 Months Warranty for In-Box Accessories,21% off
https://www.flipkart.com//redmi-9i-sport-carbon-black-64-gb/p/itm4559197007bd1?pid=MOBG6WQWRGRRDBH6&lid=LSTMOBG6WQWRGRRDBH6MSMKC8&marketplace=FLIPKART&store=tyy%2F4io&spotlightTagId=BestsellerId_tyy%2F4io&srno=b_1_18&otracker=browse&fm=organic&iid=9330e8ee-82cb-4c70-85e1-c11b208cc260.MOBG6WQWRGRRDBH6.SEARCH&ppt=None&ppn=None&ssid=8o1lfk8qgw0000001673531502867,"REDMI 9i Sport (Carbon Black, 64 GB)",4.3,"₹7,199","2,09,377 Ratings & 12,027 Reviews",4 GB RAM | 64 GB ROM | Expandable Upto 512 GB16.59 cm (6.53 inch) HD+ Display13MP Rear Camera | 5MP Front Camera5000 mAh Li-Polymer BatteryMediaTek Helio G25 ProcessorBrand Warranty of 1 Year Available for Mobile and 6 Months for Accessories,28% off
https://www.flipkart.com//poco-m4-5g-power-black-64-gb/p/itmdca739218a8a0?pid=MOBGDRGPZTSHNQ5H&lid=LSTMOBGDRGPZTSHNQ5HAHOVPZ&marketplace=FLIPKART&store=tyy%2F4io&srno=b_1_19&otracker=browse&fm=organic&iid=9330e8ee-82cb-4c70-85e1-c11b208cc260.MOBGDRGPZTSHNQ5H.SEARCH&ppt=None&ppn=None&ssid=8o1lfk8qgw0000001673531502867,"POCO M4 5G (Power Black, 64 GB)",4.2,"₹11,999","45,400 Ratings & 3,749 Reviews",4 GB RAM | 64 GB ROM | Expandable Upto 512 GB16.71 cm (6.58 inch) Full HD+ Display50MP + 2MP | 8MP Front Camera5000 mAh Lithium Ion Polymer BatteryMediatek Dimensity 700 Processor1 Year Warranty for Handset and 6 Months for Accessories,25% off
https://www.flipkart.com//motorola-g52-metallic-white-128-gb/p/itm469efad765b98?pid=MOBGAKFYDDSNZGR8&lid=LSTMOBGAKFYDDSNZGR8W6QBUV&marketplace=FLIPKART&store=tyy%2F4io&srno=b_1_20&otracker=browse&fm=organic&iid=9330e8ee-82cb-4c70-85e1-c11b208cc260.MOBGAKFYDDSNZGR8.SEARCH&ppt=None&ppn=None&ssid=8o1lfk8qgw0000001673531502867,"MOTOROLA g52 (Metallic White, 128 GB)",4.2,"₹12,999","21,256 Ratings & 2,659 Reviews",6 GB RAM | 128 GB ROM16.76 cm (6.6 inch) Full HD+ Display50MP + 8MP + 2MP | 16MP Front Camera5000 mAh Lithium BatteryQualcomm Snapdragon 680 Processor1 Year on Handset and 6 Months on Accessories,35% off
https://www.flipkart.com//infinix-hot-20-play-racing-black-64-gb/p/itm1e6903eb0203e?pid=MOBGK23WGFWJHRQD&lid=LSTMOBGK23WGFWJHRQD90DLPU&marketplace=FLIPKART&store=tyy%2F4io&srno=b_1_21&otracker=browse&fm=organic&iid=9330e8ee-82cb-4c70-85e1-c11b208cc260.MOBGK23WGFWJHRQD.SEARCH&ppt=None&ppn=None&ssid=8o1lfk8qgw0000001673531502867,"Infinix HOT 20 Play (Racing Black, 64 GB)",4.4,"₹8,199",637 Ratings & 59 Reviews,4 GB RAM | 64 GB ROM | Expandable Upto 256 GB17.32 cm (6.82 inch) HD+ Display13Mp + AI Lens | 8MP Front Camera6000 mAh Li-ion Polymer BatteryMediaTek G37 Processor1 Year on Handset and 6 Months on Accessories,31% off
https://www.flipkart.com//motorola-g52-charcoal-grey-128-gb/p/itmea9ebe003e26c?pid=MOBGAKFYFCZJ8JVY&lid=LSTMOBGAKFYFCZJ8JVY99JHKD&marketplace=FLIPKART&store=tyy%2F4io&srno=b_1_22&otracker=browse&fm=organic&iid=9330e8ee-82cb-4c70-85e1-c11b208cc260.MOBGAKFYFCZJ8JVY.SEARCH&ppt=None&ppn=None&ssid=8o1lfk8qgw0000001673531502867,"MOTOROLA g52 (Charcoal Grey, 128 GB)",4.2,"₹12,999","21,256 Ratings & 2,659 Reviews",6 GB RAM | 128 GB ROM16.76 cm (6.6 inch) Full HD+ Display50MP + 8MP + 2MP | 16MP Front Camera5000 mAh Lithium BatteryQualcomm Snapdragon 680 Processor1 Year on Handset and 6 Months on Accessories,35% off
https://www.flipkart.com//motorola-g42-atlantic-green-64-gb/p/itmcd4986b7d00b5?pid=MOBGBUPWDZHQYXNB&lid=LSTMOBGBUPWDZHQYXNB41TBQE&marketplace=FLIPKART&store=tyy%2F4io&spotlightTagId=BestvalueId_tyy%2F4io&srno=b_1_23&otracker=browse&fm=organic&iid=9330e8ee-82cb-4c70-85e1-c11b208cc260.MOBGBUPWDZHQYXNB.SEARCH&ppt=None&ppn=None&ssid=8o1lfk8qgw0000001673531502867,"MOTOROLA g42 (Atlantic Green, 64 GB)",4.1,"₹10,999","3,232 Ratings & 400 Reviews",4 GB RAM | 64 GB ROM16.43 cm (6.47 inch) Full HD+ AMOLED Display50MP + 8MP + 2MP | 16MP Front Camera5000 mAh Lithium polymer BatteryQualcomm Snapdragon 680 Processor1 Year on Handset and 6 Months on Accessories,35% off
https://www.flipkart.com//infinix-hot-20-play-aurora-green-64-gb/p/itm1e6903eb0203e?pid=MOBGK23WWFC8SUZZ&lid=LSTMOBGK23WWFC8SUZZTMFJG8&marketplace=FLIPKART&store=tyy%2F4io&srno=b_1_24&otracker=browse&fm=organic&iid=9330e8ee-82cb-4c70-85e1-c11b208cc260.MOBGK23WWFC8SUZZ.SEARCH&ppt=None&ppn=None&ssid=8o1lfk8qgw0000001673531502867,"Infinix HOT 20 Play (Aurora Green, 64 GB)",4.4,"₹8,199",637 Ratings & 59 Reviews,4 GB RAM | 64 GB ROM | Expandable Upto 256 GB17.32 cm (6.82 inch) HD+ Display13Mp + AI Lens | 8MP Front Camera6000 mAh Li-ion Polymer BatteryMediaTek G37 Processor1 Year on Handset and 6 Months on Accessories,31% off
https://www.flipkart.com//poco-m4-5g-power-black-64-gb/p/itmdca739218a8a0?pid=MOBGDRGPZTSHNQ5H&lid=LSTMOBGDRGPZTSHNQ5HAHOVPZ&marketplace=FLIPKART&store=tyy%2F4io&srno=b_2_25&otracker=browse&fm=organic&iid=3d85722d-f07c-4d66-8a25-10ae06d5be6a.MOBGDRGPZTSHNQ5H.SEARCH&ppt=None&ppn=None&ssid=lbpw8tggwg0000001673531505323,"POCO M4 5G (Power Black, 64 GB)",4.2,"₹11,999","45,400 Ratings & 3,749 Reviews",4 GB RAM | 64 GB ROM | Expandable Upto 512 GB16.71 cm (6.58 inch) Full HD+ Display50MP + 2MP | 8MP Front Camera5000 mAh Lithium Ion Polymer BatteryMediatek Dimensity 700 Processor1 Year Warranty for Handset and 6 Months for Accessories,25% off
https://www.flipkart.com//motorola-g52-metallic-white-128-gb/p/itm469efad765b98?pid=MOBGAKFYDDSNZGR8&lid=LSTMOBGAKFYDDSNZGR8W6QBUV&marketplace=FLIPKART&store=tyy%2F4io&srno=b_2_26&otracker=browse&fm=organic&iid=3d85722d-f07c-4d66-8a25-10ae06d5be6a.MOBGAKFYDDSNZGR8.SEARCH&ppt=None&ppn=None&ssid=lbpw8tggwg0000001673531505323,"MOTOROLA g52 (Metallic White, 128 GB)",4.2,"₹12,999","21,256 Ratings & 2,659 Reviews",6 GB RAM | 128 GB ROM16.76 cm (6.6 inch) Full HD+ Display50MP + 8MP + 2MP | 16MP Front Camera5000 mAh Lithium BatteryQualcomm Snapdragon 680 Processor1 Year on Handset and 6 Months on Accessories,35% off
https://www.flipkart.com//motorola-g52-charcoal-grey-128-gb/p/itmea9ebe003e26c?pid=MOBGAKFYFCZJ8JVY&lid=LSTMOBGAKFYFCZJ8JVY99JHKD&marketplace=FLIPKART&store=tyy%2F4io&srno=b_2_27&otracker=browse&fm=organic&iid=3d85722d-f07c-4d66-8a25-10ae06d5be6a.MOBGAKFYFCZJ8JVY.SEARCH&ppt=None&ppn=None&ssid=lbpw8tggwg0000001673531505323,"MOTOROLA g52 (Charcoal Grey, 128 GB)",4.2,"₹12,999","21,256 Ratings & 2,659 Reviews",6 GB RAM | 128 GB ROM16.76 cm (6.6 inch) Full HD+ Display50MP + 8MP + 2MP | 16MP Front Camera5000 mAh Lithium BatteryQualcomm Snapdragon 680 Processor1 Year on Handset and 6 Months on Accessories,35% off
https://www.flipkart.com//motorola-g42-atlantic-green-64-gb/p/itmcd4986b7d00b5?pid=MOBGBUPWDZHQYXNB&lid=LSTMOBGBUPWDZHQYXNB41TBQE&marketplace=FLIPKART&store=tyy%2F4io&srno=b_2_28&otracker=browse&fm=organic&iid=3d85722d-f07c-4d66-8a25-10ae06d5be6a.MOBGBUPWDZHQYXNB.SEARCH&ppt=None&ppn=None&ssid=lbpw8tggwg0000001673531505323,"MOTOROLA g42 (Atlantic Green, 64 GB)",4.1,"₹10,999","3,232 Ratings & 400 Reviews",4 GB RAM | 64 GB ROM16.43 cm (6.47 inch) Full HD+ AMOLED Display50MP + 8MP + 2MP | 16MP Front Camera5000 mAh Lithium polymer BatteryQualcomm Snapdragon 680 Processor1 Year on Handset and 6 Months on Accessories,35% off
https://www.flipkart.com//apple-iphone-14-midnight-128-gb/p/itm9e6293c322a84?pid=MOBGHWFHECFVMDCX&lid=LSTMOBGHWFHECFVMDCXBOYSND&marketplace=FLIPKART&store=tyy%2F4io&srno=b_2_29&otracker=browse&fm=organic&iid=3d85722d-f07c-4d66-8a25-10ae06d5be6a.MOBGHWFHECFVMDCX.SEARCH&ppt=None&ppn=None&ssid=lbpw8tggwg0000001673531505323,"APPLE iPhone 14 (Midnight, 128 GB)",4.6,"₹73,990","1,038 Ratings & 70 Reviews","128 GB ROM15.49 cm (6.1 inch) Super Retina XDR Display12MP + 12MP | 12MP Front CameraA15 Bionic Chip, 6 Core Processor Processor1 Year Warranty for Phone and 6 Months Warranty for In-Box Accessories",7% off
https://www.flipkart.com//samsung-galaxy-f23-5g-aqua-blue-128-gb/p/itme54bc0c2292f4?pid=MOBGBKQF45XPEUHA&lid=LSTMOBGBKQF45XPEUHAYAHBJE&marketplace=FLIPKART&store=tyy%2F4io&spotlightTagId=BestvalueId_tyy%2F4io&srno=b_2_30&otracker=browse&fm=organic&iid=3d85722d-f07c-4d66-8a25-10ae06d5be6a.MOBGBKQF45XPEUHA.SEARCH&ppt=None&ppn=None&ssid=lbpw8tggwg0000001673531505323,"SAMSUNG Galaxy F23 5G (Aqua Blue, 128 GB)",4.3,"₹14,999","1,38,119 Ratings & 11,221 Reviews",6 GB RAM | 128 GB ROM | Expandable Upto 1 TB16.76 cm (6.6 inch) Full HD+ Display50MP + 8MP + 2MP | 8MP Front Camera5000 mAh Lithium Ion BatteryQualcomm Snapdragon 750G Processor1 Year Warranty Provided by the Manufacturer from Date of Purchase,37% off
https://www.flipkart.com//motorola-g62-5g-frosted-blue-128-gb/p/itm556a0153d9a10?pid=MOBGEDT5YQ2YFVTQ&lid=LSTMOBGEDT5YQ2YFVTQQ0KAIT&marketplace=FLIPKART&store=tyy%2F4io&srno=b_2_31&otracker=browse&fm=organic&iid=3d85722d-f07c-4d66-8a25-10ae06d5be6a.MOBGEDT5YQ2YFVTQ.SEARCH&ppt=None&ppn=None&ssid=lbpw8tggwg0000001673531505323,"MOTOROLA G62 5G (Frosted Blue, 128 GB)",4.1,"₹14,999","8,567 Ratings & 933 Reviews",6 GB RAM | 128 GB ROM16.64 cm (6.55 inch) Full HD+ Display50MP + 8MP + 2MP | 16MP Front Camera5000 mAh Lithium Polymer BatteryQualcomm Snapdragon 695 5G Processor1 Year on Handset and 6 Months on Accessories,31% off
https://www.flipkart.com//vivo-t1x-space-blue-64-gb/p/itm9e8207e7825a9?pid=MOBGG56ZFNPMHBWE&lid=LSTMOBGG56ZFNPMHBWEB8Y2U5&marketplace=FLIPKART&store=tyy%2F4io&srno=b_2_32&otracker=browse&fm=organic&iid=3d85722d-f07c-4d66-8a25-10ae06d5be6a.MOBGG56ZFNPMHBWE.SEARCH&ppt=None&ppn=None&ssid=lbpw8tggwg0000001673531505323,"vivo T1X (Space Blue, 64 GB)",4.5,"₹11,999","68,386 Ratings & 3,880 Reviews",4 GB RAM | 64 GB ROM16.71 cm (6.58 inch) Full HD+ Display50MP + 2MP | 8MP Front Camera5000 mAh BatteryQualcomm Snapdragon 680 Processor1 Year on Handset and 6 Months on Accessories,29% off
https://www.flipkart.com//vivo-t1x-gravity-black-64-gb/p/itm9e8207e7825a9?pid=MOBGG56ZMXMNUCYF&lid=LSTMOBGG56ZMXMNUCYFQ5HT8S&marketplace=FLIPKART&store=tyy%2F4io&srno=b_2_33&otracker=browse&fm=organic&iid=3d85722d-f07c-4d66-8a25-10ae06d5be6a.MOBGG56ZMXMNUCYF.SEARCH&ppt=None&ppn=None&ssid=lbpw8tggwg0000001673531505323,"vivo T1X (Gravity Black, 64 GB)",4.5,"₹11,999","68,386 Ratings & 3,880 Reviews",4 GB RAM | 64 GB ROM16.71 cm (6.58 inch) Full HD+ Display50MP + 2MP | 8MP Front Camera5000 mAh BatteryQualcomm Snapdragon 680 Processor1 Year on Handset and 6 Months on Accessories,29% off
https://www.flipkart.com//redmi-note-12-pro-5g-stardust-purple-128-gb/p/itm26c8ff9d1f226?pid=MOBGH2UVWWDA4MS6&lid=LSTMOBGH2UVWWDA4MS6M7LVCT&marketplace=FLIPKART&store=tyy%2F4io&srno=b_2_34&otracker=browse&fm=organic&iid=3d85722d-f07c-4d66-8a25-10ae06d5be6a.MOBGH2UVWWDA4MS6.SEARCH&ppt=None&ppn=None&ssid=lbpw8tggwg0000001673531505323,"REDMI Note 12 Pro 5G (Stardust Purple, 128 GB)",No rating find,"₹24,999",No find,6 GB RAM | 128 GB ROM16.94 cm (6.67 inch) Full HD Display50MP (OIS) + 8MP + 2MP | 16MP Front Camera5000 mAh Lithium Polymer BatteryMediatek Dimensity 1080 Processor1 Year Manufacturer Warranty for Phone and 6 Months Warranty for In the Box Accessories,10% off
https://www.flipkart.com//poco-m4-5g-cool-blue-128-gb/p/itm1603244ab4f2e?pid=MOBGDRGPUMTED5D5&lid=LSTMOBGDRGPUMTED5D5RFUHNY&marketplace=FLIPKART&store=tyy%2F4io&srno=b_2_35&otracker=browse&fm=organic&iid=3d85722d-f07c-4d66-8a25-10ae06d5be6a.MOBGDRGPUMTED5D5.SEARCH&ppt=None&ppn=None&ssid=lbpw8tggwg0000001673531505323,"POCO M4 5G (Cool Blue, 128 GB)",4.2,"₹13,999","22,778 Ratings & 1,890 Reviews",6 GB RAM | 128 GB ROM | Expandable Upto 512 GB16.71 cm (6.58 inch) Full HD+ Display50MP + 2MP | 8MP Front Camera5000 mAh Lithium Ion Polymer BatteryMediatek Dimensity 700 Processor1 Year Warranty for Handset and 6 Months for Accessories,26% off
https://www.flipkart.com//samsung-galaxy-f23-5g-forest-green-128-gb/p/itmddc02d8659473?pid=MOBGBKQFGJH8GH7M&lid=LSTMOBGBKQFGJH8GH7MAKQUSX&marketplace=FLIPKART&store=tyy%2F4io&spotlightTagId=TrendingId_tyy%2F4io&srno=b_2_36&otracker=browse&fm=organic&iid=3d85722d-f07c-4d66-8a25-10ae06d5be6a.MOBGBKQFGJH8GH7M.SEARCH&ppt=None&ppn=None&ssid=lbpw8tggwg0000001673531505323,"SAMSUNG Galaxy F23 5G (Forest Green, 128 GB)",4.2,"₹13,999","32,083 Ratings & 2,613 Reviews",4 GB RAM | 128 GB ROM | Expandable Upto 1 TB16.76 cm (6.6 inch) Full HD+ Display50MP + 8MP + 2MP | 8MP Front Camera5000 mAh Lithium Ion BatteryQualcomm Snapdragon 750G Processor1 Year Warranty Provided by the Manufacturer from Date of Purchase,39% off
https://www.flipkart.com//apple-iphone-14-purple-128-gb/p/itm0b581eba85e08?pid=MOBGHWFHQFSQYBFU&lid=LSTMOBGHWFHQFSQYBFUSBTOEU&marketplace=FLIPKART&store=tyy%2F4io&srno=b_2_37&otracker=browse&fm=organic&iid=3d85722d-f07c-4d66-8a25-10ae06d5be6a.MOBGHWFHQFSQYBFU.SEARCH&ppt=None&ppn=None&ssid=lbpw8tggwg0000001673531505323,"APPLE iPhone 14 (Purple, 128 GB)",4.6,"₹73,990","1,038 Ratings & 70 Reviews","128 GB ROM15.49 cm (6.1 inch) Super Retina XDR Display12MP + 12MP | 12MP Front CameraA15 Bionic Chip, 6 Core Processor Processor1 Year Warranty for Phone and 6 Months Warranty for In-Box Accessories",7% off
https://www.flipkart.com//apple-iphone-11-red-128-gb/p/itm8d14bd0e33a1c?pid=MOBFWQ6BEZTNK59G&lid=LSTMOBFWQ6BEZTNK59G4PTPDM&marketplace=FLIPKART&store=tyy%2F4io&srno=b_2_38&otracker=browse&fm=organic&iid=3d85722d-f07c-4d66-8a25-10ae06d5be6a.MOBFWQ6BEZTNK59G.SEARCH&ppt=None&ppn=None&ssid=lbpw8tggwg0000001673531505323,"APPLE iPhone 11 (Red, 128 GB)",4.6,"₹44,999","1,76,946 Ratings & 10,521 Reviews",128 GB ROM15.49 cm (6.1 inch) Liquid Retina HD Display12MP + 12MP | 12MP Front CameraA13 Bionic Chip ProcessorBrand Warranty of 1 Year,7% off
https://www.flipkart.com//poco-c31-royal-blue-64-gb/p/itm19effae969b86?pid=MOBG73E7GKQK4KZP&lid=LSTMOBG73E7GKQK4KZPOKZZYO&marketplace=FLIPKART&store=tyy%2F4io&srno=b_2_39&otracker=browse&fm=organic&iid=3d85722d-f07c-4d66-8a25-10ae06d5be6a.MOBG73E7GKQK4KZP.SEARCH&ppt=None&ppn=None&ssid=lbpw8tggwg0000001673531505323,"POCO C31 (Royal Blue, 64 GB)",4.3,"₹7,499","1,83,688 Ratings & 11,185 Reviews","4 GB RAM | 64 GB ROM | Expandable Upto 512 GB16.59 cm (6.53 inch) HD+ Display13MP + 2MP + 2MP | 5MP Front Camera5000 mAh Lithium-ion Polymer BatteryMediaTek G35 Processor1 Year Warranty for Handset, 6 Months for Accessories",37% off
https://www.flipkart.com//vivo-t1x-space-blue-128-gb/p/itm9e8207e7825a9?pid=MOBGG56ZYSVXEAHC&lid=LSTMOBGG56ZYSVXEAHCCUPIEO&marketplace=FLIPKART&store=tyy%2F4io&srno=b_2_40&otracker=browse&fm=organic&iid=3d85722d-f07c-4d66-8a25-10ae06d5be6a.MOBGG56ZYSVXEAHC.SEARCH&ppt=None&ppn=None&ssid=lbpw8tggwg0000001673531505323,"vivo T1X (Space Blue, 128 GB)",4.5,"₹12,999","68,386 Ratings & 3,880 Reviews",4 GB RAM | 128 GB ROM16.71 cm (6.58 inch) Full HD+ Display50MP + 2MP | 8MP Front Camera5000 mAh BatteryQualcomm Snapdragon 680 Processor1 Year on Handset and 6 Months on Accessories,27% off
https://www.flipkart.com//vivo-t1x-gravity-black-128-gb/p/itm9e8207e7825a9?pid=MOBGG56ZYZSNW7JX&lid=LSTMOBGG56ZYZSNW7JXBKVX1F&marketplace=FLIPKART&store=tyy%2F4io&srno=b_2_41&otracker=browse&fm=organic&iid=3d85722d-f07c-4d66-8a25-10ae06d5be6a.MOBGG56ZYZSNW7JX.SEARCH&ppt=None&ppn=None&ssid=lbpw8tggwg0000001673531505323,"vivo T1X (Gravity Black, 128 GB)",4.5,"₹12,999","68,386 Ratings & 3,880 Reviews",4 GB RAM | 128 GB ROM16.71 cm (6.58 inch) Full HD+ Display50MP + 2MP | 8MP Front Camera5000 mAh BatteryQualcomm Snapdragon 680 Processor1 Year on Handset and 6 Months on Accessories,27% off
https://www.flipkart.com//poco-m4-pro-5g-yellow-64-gb/p/itm0c88c16a094e4?pid=MOBGBEU9DCXFYSBV&lid=LSTMOBGBEU9DCXFYSBV1YXBSX&marketplace=FLIPKART&store=tyy%2F4io&srno=b_2_42&otracker=browse&fm=organic&iid=3d85722d-f07c-4d66-8a25-10ae06d5be6a.MOBGBEU9DCXFYSBV.SEARCH&ppt=None&ppn=None&ssid=lbpw8tggwg0000001673531505323,"POCO M4 Pro 5G (Yellow, 64 GB)",4.3,"₹11,999","33,641 Ratings & 3,005 Reviews","4 GB RAM | 64 GB ROM | Expandable Upto 1 TB16.76 cm (6.6 inch) Full HD+ Display50MP + 8MP | 16MP Front Camera5000 mAh Lithium-ion Polymer BatteryMediatek Dimensity 810 ProcessorOne Year for Handset, 6 Months for Accessories",29% off
https://www.flipkart.com//apple-iphone-13-blue-128-gb/p/itm6c601e0a58b3c?pid=MOBG6VF5SMXPNQHG&lid=LSTMOBG6VF5SMXPNQHGMMXJDB&marketplace=FLIPKART&store=tyy%2F4io&srno=b_2_43&otracker=browse&fm=organic&iid=3d85722d-f07c-4d66-8a25-10ae06d5be6a.MOBG6VF5SMXPNQHG.SEARCH&ppt=None&ppn=None&ssid=lbpw8tggwg0000001673531505323,"APPLE iPhone 13 (Blue, 128 GB)",4.7,"₹60,999","1,77,959 Ratings & 9,804 Reviews",128 GB ROM15.49 cm (6.1 inch) Super Retina XDR Display12MP + 12MP | 12MP Front CameraA15 Bionic Chip ProcessorBrand Warranty for 1 Year,12% off
https://www.flipkart.com//poco-m4-5g-power-black-128-gb/p/itm967111aabdc3f?pid=MOBGDRGPQQGTRXU9&lid=LSTMOBGDRGPQQGTRXU9JU154S&marketplace=FLIPKART&store=tyy%2F4io&srno=b_2_44&otracker=browse&fm=organic&iid=3d85722d-f07c-4d66-8a25-10ae06d5be6a.MOBGDRGPQQGTRXU9.SEARCH&ppt=None&ppn=None&ssid=lbpw8tggwg0000001673531505323,"POCO M4 5G (Power Black, 128 GB)",4.2,"₹13,999","22,778 Ratings & 1,890 Reviews",6 GB RAM | 128 GB ROM | Expandable Upto 512 GB16.71 cm (6.58 inch) Full HD+ Display50MP + 2MP | 8MP Front Camera5000 mAh Lithium Ion Polymer BatteryMediatek Dimensity 700 Processor1 Year Warranty for Handset and 6 Months for Accessories,26% off
https://www.flipkart.com//poco-m4-pro-5g-power-black-128-gb/p/itm6582c30018b6b?pid=MOBGBEU73C6DGJGH&lid=LSTMOBGBEU73C6DGJGHSOUJSP&marketplace=FLIPKART&store=tyy%2F4io&srno=b_2_45&otracker=browse&fm=organic&iid=3d85722d-f07c-4d66-8a25-10ae06d5be6a.MOBGBEU73C6DGJGH.SEARCH&ppt=None&ppn=None&ssid=lbpw8tggwg0000001673531505323,"POCO M4 Pro 5G (Power Black, 128 GB)",4.2,"₹14,999","7,971 Ratings & 708 Reviews","8 GB RAM | 128 GB ROM | Expandable Upto 1 TB16.76 cm (6.6 inch) Full HD+ Display50MP + 8MP | 16MP Front Camera5000 mAh Lithium-ion Polymer BatteryMediatek Dimensity 810 ProcessorOne Year for Handset, 6 Months for Accessories",31% off
https://www.flipkart.com//vivo-t1-44w-midnight-galaxy-128-gb/p/itm2a08ebbea3689?pid=MOBGDRHVZN29ZJF4&lid=LSTMOBGDRHVZN29ZJF4WEHAX7&marketplace=FLIPKART&store=tyy%2F4io&srno=b_2_46&otracker=browse&fm=organic&iid=3d85722d-f07c-4d66-8a25-10ae06d5be6a.MOBGDRHVZN29ZJF4.SEARCH&ppt=None&ppn=None&ssid=lbpw8tggwg0000001673531505323,"vivo T1 44W (Midnight Galaxy, 128 GB)",4.5,"₹14,499","75,290 Ratings & 5,509 Reviews",4 GB RAM | 128 GB ROM | Expandable Upto 1 TB16.36 cm (6.44 inch) Full HD+ AMOLED Display50MP + 2MP + 2MP | 16MP Front Camera5000 mAh Lithium BatteryQualcomm Snapdragon 680 Processor1 Year Handset and 6 Months Accessories,27% off
https://www.flipkart.com//vivo-t1-44w-starry-sky-128-gb/p/itm2a08ebbea3689?pid=MOBGDRHVHNBBBBP5&lid=LSTMOBGDRHVHNBBBBP5SY2MJL&marketplace=FLIPKART&store=tyy%2F4io&srno=b_2_47&otracker=browse&fm=organic&iid=3d85722d-f07c-4d66-8a25-10ae06d5be6a.MOBGDRHVHNBBBBP5.SEARCH&ppt=None&ppn=None&ssid=lbpw8tggwg0000001673531505323,"vivo T1 44W (Starry Sky, 128 GB)",4.5,"₹14,499","75,290 Ratings & 5,509 Reviews",4 GB RAM | 128 GB ROM | Expandable Upto 1 TB16.36 cm (6.44 inch) Full HD+ AMOLED Display50MP + 2MP + 2MP | 16MP Front Camera5000 mAh Lithium BatteryQualcomm Snapdragon 680 Processor1 Year Handset and 6 Months Accessories,27% off
https://www.flipkart.com//vivo-t1-5g-rainbow-fantasy-128-gb/p/itm594222523bd8f?pid=MOBGB9TYFQR3FQZT&lid=LSTMOBGB9TYFQR3FQZTTIVBCR&marketplace=FLIPKART&store=tyy%2F4io&srno=b_2_48&otracker=browse&fm=organic&iid=3d85722d-f07c-4d66-8a25-10ae06d5be6a.MOBGB9TYFQR3FQZT.SEARCH&ppt=None&ppn=None&ssid=lbpw8tggwg0000001673531505323,"vivo T1 5G (Rainbow Fantasy, 128 GB)",4.4,"₹16,990","1,58,204 Ratings & 12,538 Reviews",6 GB RAM | 128 GB ROM | Expandable Upto 1 TB16.71 cm (6.58 inch) Full HD+ Display50MP + 2MP + 2MP | 16MP Front Camera5000 mAh Lithium BatteryQualcomm Snapdragon 695 Processor1 Year Handset and 6 Months Accessories,19% off
https://www.flipkart.com//vivo-t1-5g-rainbow-fantasy-128-gb/p/itm594222523bd8f?pid=MOBGB9TYGW5NGXVH&lid=LSTMOBGB9TYGW5NGXVHWMF5TV&marketplace=FLIPKART&store=tyy%2F4io&srno=b_3_49&otracker=browse&fm=organic&iid=9778f554-7a6a-447a-8787-6f093eee4e99.MOBGB9TYGW5NGXVH.SEARCH&ppt=None&ppn=None&ssid=vuctiso24g0000001673531508768,"vivo T1 5G (Rainbow Fantasy, 128 GB)",4.3,"₹15,990","59,607 Ratings & 4,787 Reviews",4 GB RAM | 128 GB ROM | Expandable Upto 1 TB16.71 cm (6.58 inch) Full HD+ Display50MP + 2MP + 2MP | 16MP Front Camera5000 mAh Lithium BatteryTurbo Processor Snapdragon 695 Processor1 Year Handset and 6 Months Accessories,20% off
https://www.flipkart.com//apple-iphone-13-pink-128-gb/p/itm6e30c6ee045d2?pid=MOBG6VF5GXVFTQ5Y&lid=LSTMOBG6VF5GXVFTQ5YSGQY4O&marketplace=FLIPKART&store=tyy%2F4io&srno=b_3_50&otracker=browse&fm=organic&iid=9778f554-7a6a-447a-8787-6f093eee4e99.MOBG6VF5GXVFTQ5Y.SEARCH&ppt=None&ppn=None&ssid=vuctiso24g0000001673531508768,"APPLE iPhone 13 (Pink, 128 GB)",4.7,"₹60,999","1,77,959 Ratings & 9,804 Reviews",128 GB ROM15.49 cm (6.1 inch) Super Retina XDR Display12MP + 12MP | 12MP Front CameraA15 Bionic Chip ProcessorBrand Warranty for 1 Year,12% off
https://www.flipkart.com//samsung-galaxy-s21-fe-5g-graphite-128-gb/p/itm7be0f72fff180?pid=MOBGBPFZSPRG8GSU&lid=LSTMOBGBPFZSPRG8GSUYZCRY0&marketplace=FLIPKART&store=tyy%2F4io&srno=b_3_51&otracker=browse&fm=organic&iid=9778f554-7a6a-447a-8787-6f093eee4e99.MOBGBPFZSPRG8GSU.SEARCH&ppt=None&ppn=None&ssid=vuctiso24g0000001673531508768,"SAMSUNG Galaxy S21 FE 5G (Graphite, 128 GB)",4.4,"₹34,999","29,170 Ratings & 3,007 Reviews",8 GB RAM | 128 GB ROM16.26 cm (6.4 inch) Full HD+ Display12MP + 12MP + 8MP (OIS) | 32MP Front Camera4500 mAh Lithium-ion Battery1 Year Manufacturer Warranty for Device and 6 Months Manufacturer Warranty for In-Box Accessories,53% off
https://www.flipkart.com//apple-iphone-13-starlight-128-gb/p/itmc9604f122ae7f?pid=MOBG6VF5ADKHKXFX&lid=LSTMOBG6VF5ADKHKXFXQGX7PK&marketplace=FLIPKART&store=tyy%2F4io&srno=b_3_52&otracker=browse&fm=organic&iid=9778f554-7a6a-447a-8787-6f093eee4e99.MOBG6VF5ADKHKXFX.SEARCH&ppt=None&ppn=None&ssid=vuctiso24g0000001673531508768,"APPLE iPhone 13 (Starlight, 128 GB)",4.7,"₹60,999","1,77,959 Ratings & 9,804 Reviews",128 GB ROM15.49 cm (6.1 inch) Super Retina XDR Display12MP + 12MP | 12MP Front CameraA15 Bionic Chip ProcessorBrand Warranty for 1 Year,12% off
https://www.flipkart.com//apple-iphone-14-blue-128-gb/p/itmdb77f40da6b6d?pid=MOBGHWFHSV7GUFWA&lid=LSTMOBGHWFHSV7GUFWA3AV8J8&marketplace=FLIPKART&store=tyy%2F4io&srno=b_3_53&otracker=browse&fm=organic&iid=9778f554-7a6a-447a-8787-6f093eee4e99.MOBGHWFHSV7GUFWA.SEARCH&ppt=None&ppn=None&ssid=vuctiso24g0000001673531508768,"APPLE iPhone 14 (Blue, 128 GB)",4.6,"₹73,990","1,038 Ratings & 70 Reviews","128 GB ROM15.49 cm (6.1 inch) Super Retina XDR Display12MP + 12MP | 12MP Front CameraA15 Bionic Chip, 6 Core Processor Processor1 Year Warranty for Phone and 6 Months Warranty for In-Box Accessories",7% off
https://www.flipkart.com//infinix-smart-6-hd-aqua-sky-32-gb/p/itme9743e28b0cf7?pid=MOBGGMHWZZR7GB6R&lid=LSTMOBGGMHWZZR7GB6R7FNENW&marketplace=FLIPKART&store=tyy%2F4io&srno=b_3_54&otracker=browse&fm=organic&iid=9778f554-7a6a-447a-8787-6f093eee4e99.MOBGGMHWZZR7GB6R.SEARCH&ppt=None&ppn=None&ssid=vuctiso24g0000001673531508768,"Infinix Smart 6 HD (Aqua Sky, 32 GB)",4.4,"₹5,799","16,112 Ratings & 868 Reviews",2 GB RAM | 32 GB ROM | Expandable Upto 512 GB16.76 cm (6.6 inch) HD+ Display8MP Rear Camera | 5MP Front Camera5000 mAh Lithium-ion Polymer BatteryMediatek Helio A22 Processor1 Year on Handset and 6 Months on Accessories,35% off
https://www.flipkart.com//vivo-t1x-space-blue-128-gb/p/itm9e8207e7825a9?pid=MOBGG56ZR25JKP8Y&lid=LSTMOBGG56ZR25JKP8YGTSEZ2&marketplace=FLIPKART&store=tyy%2F4io&srno=b_3_55&otracker=browse&fm=organic&iid=9778f554-7a6a-447a-8787-6f093eee4e99.MOBGG56ZR25JKP8Y.SEARCH&ppt=None&ppn=None&ssid=vuctiso24g0000001673531508768,"vivo T1X (Space Blue, 128 GB)",4.4,"₹14,999","3,415 Ratings & 211 Reviews",6 GB RAM | 128 GB ROM16.71 cm (6.58 inch) Full HD+ Display50MP + 2MP | 8MP Front Camera5000 mAh BatteryQualcomm Snapdragon 680 Processor1 Year on Handset and 6 Months on Accessories,21% off
https://www.flipkart.com//apple-iphone-13-midnight-128-gb/p/itmca361aab1c5b0?pid=MOBG6VF5Q82T3XRS&lid=LSTMOBG6VF5Q82T3XRSOXJLM9&marketplace=FLIPKART&store=tyy%2F4io&srno=b_3_56&otracker=browse&fm=organic&iid=9778f554-7a6a-447a-8787-6f093eee4e99.MOBG6VF5Q82T3XRS.SEARCH&ppt=None&ppn=None&ssid=vuctiso24g0000001673531508768,"APPLE iPhone 13 (Midnight, 128 GB)",4.7,"₹60,999","1,77,959 Ratings & 9,804 Reviews",128 GB ROM15.49 cm (6.1 inch) Super Retina XDR Display12MP + 12MP | 12MP Front CameraA15 Bionic Chip ProcessorBrand Warranty for 1 Year,12% off
https://www.flipkart.com//infinix-smart-6-hd-origin-blue-32-gb/p/itme9743e28b0cf7?pid=MOBGGMHWHDPHYSNX&lid=LSTMOBGGMHWHDPHYSNX0ZW5L4&marketplace=FLIPKART&store=tyy%2F4io&srno=b_3_57&otracker=browse&fm=organic&iid=9778f554-7a6a-447a-8787-6f093eee4e99.MOBGGMHWHDPHYSNX.SEARCH&ppt=None&ppn=None&ssid=vuctiso24g0000001673531508768,"Infinix Smart 6 HD (Origin Blue, 32 GB)",4.4,"₹5,799","16,112 Ratings & 868 Reviews",2 GB RAM | 32 GB ROM | Expandable Upto 512 GB16.76 cm (6.6 inch) HD+ Display8MP Rear Camera | 5MP Front Camera5000 mAh Lithium-ion Polymer BatteryMediatek Helio A22 Processor1 Year on Handset and 6 Months on Accessories,35% off
https://www.flipkart.com//vivo-t1-44w-starry-sky-128-gb/p/itm2a08ebbea3689?pid=MOBGDRHVMW2UDXZY&lid=LSTMOBGDRHVMW2UDXZYVNQXYN&marketplace=FLIPKART&store=tyy%2F4io&srno=b_3_58&otracker=browse&fm=organic&iid=9778f554-7a6a-447a-8787-6f093eee4e99.MOBGDRHVMW2UDXZY.SEARCH&ppt=None&ppn=None&ssid=vuctiso24g0000001673531508768,"vivo T1 44W (Starry Sky, 128 GB)",4.4,"₹15,999","43,289 Ratings & 3,353 Reviews",6 GB RAM | 128 GB ROM | Expandable Upto 1 TB16.36 cm (6.44 inch) Full HD+ AMOLED Display50MP + 2MP + 2MP | 16MP Front Camera5000 mAh Lithium BatteryQualcomm Snapdragon 680 Processor1 Year Handset and 6 Months Accessories,23% off
https://www.flipkart.com//vivo-t1-44w-midnight-galaxy-128-gb/p/itm2a08ebbea3689?pid=MOBGDRHVXFVCGS23&lid=LSTMOBGDRHVXFVCGS23BNMEFR&marketplace=FLIPKART&store=tyy%2F4io&srno=b_3_59&otracker=browse&fm=organic&iid=9778f554-7a6a-447a-8787-6f093eee4e99.MOBGDRHVXFVCGS23.SEARCH&ppt=None&ppn=None&ssid=vuctiso24g0000001673531508768,"vivo T1 44W (Midnight Galaxy, 128 GB)",4.4,"₹15,999","43,289 Ratings & 3,353 Reviews",6 GB RAM | 128 GB ROM | Expandable Upto 1 TB16.36 cm (6.44 inch) Full HD+ AMOLED Display50MP + 2MP + 2MP | 16MP Front Camera5000 mAh Lithium BatteryQualcomm Snapdragon 680 Processor1 Year Handset and 6 Months Accessories,23% off
https://www.flipkart.com//poco-m4-pro-5g-power-black-128-gb/p/itm775f526b8e5c0?pid=MOBGBEU7PHVYAJQ8&lid=LSTMOBGBEU7PHVYAJQ8FQPCNX&marketplace=FLIPKART&store=tyy%2F4io&srno=b_3_60&otracker=browse&fm=organic&iid=9778f554-7a6a-447a-8787-6f093eee4e99.MOBGBEU7PHVYAJQ8.SEARCH&ppt=None&ppn=None&ssid=vuctiso24g0000001673531508768,"POCO M4 Pro 5G (Power Black, 128 GB)",4.2,"₹13,999","41,584 Ratings & 3,730 Reviews","6 GB RAM | 128 GB ROM | Expandable Upto 1 TB16.76 cm (6.6 inch) Full HD+ Display50MP + 8MP | 16MP Front Camera5000 mAh Lithium-ion Polymer BatteryMediatek Dimensity 810 ProcessorOne Year for Handset, 6 Months for Accessories",30% off
https://www.flipkart.com//realme-9i-prism-blue-128-gb/p/itm3e9987219f652?pid=MOBGBMZHMUHYWFAE&lid=LSTMOBGBMZHMUHYWFAE85XWU8&marketplace=FLIPKART&store=tyy%2F4io&srno=b_3_61&otracker=browse&fm=organic&iid=9778f554-7a6a-447a-8787-6f093eee4e99.MOBGBMZHMUHYWFAE.SEARCH&ppt=None&ppn=None&ssid=vuctiso24g0000001673531508768,"realme 9i (Prism Blue, 128 GB)",4.5,"₹12,599","1,17,046 Ratings & 6,906 Reviews",4 GB RAM | 128 GB ROM | Expandable Upto 1 TB16.76 cm (6.6 inch) Full HD+ Display50MP + 2MP + 2MP | 16MP Front Camera5000 mAh Lithium ion BatteryQualcomm Snapdragon 680 (SM6225) Processor1 Year Manufacturer Warranty for Phone and 6 Months Warranty for in the Box Accessories,25% off
https://www.flipkart.com//realme-c33-sandy-gold-32-gb/p/itma112335dbe78a?pid=MOBGHBJGF9QZYSZX&lid=LSTMOBGHBJGF9QZYSZXROLVZH&marketplace=FLIPKART&store=tyy%2F4io&srno=b_3_62&otracker=browse&fm=organic&iid=9778f554-7a6a-447a-8787-6f093eee4e99.MOBGHBJGF9QZYSZX.SEARCH&ppt=None&ppn=None&ssid=vuctiso24g0000001673531508768,"realme C33 (Sandy Gold, 32 GB)",4.4,"₹8,999","16,638 Ratings & 703 Reviews",3 GB RAM | 32 GB ROM | Expandable Upto 1 TB16.51 cm (6.5 inch) HD+ Display50MP + 0.3MP | 5MP Front Camera5000 mAh Lithium Ion BatteryUnisoc T612 Processor1 Year Manufacturer Warranty for Phone and 6 Months Warranty for In-Box Accessories,25% off
https://www.flipkart.com//realme-c33-aqua-blue-32-gb/p/itma112335dbe78a?pid=MOBGHBJGFKM7MNQH&lid=LSTMOBGHBJGFKM7MNQHMLW6ZM&marketplace=FLIPKART&store=tyy%2F4io&srno=b_3_63&otracker=browse&fm=organic&iid=9778f554-7a6a-447a-8787-6f093eee4e99.MOBGHBJGFKM7MNQH.SEARCH&ppt=None&ppn=None&ssid=vuctiso24g0000001673531508768,"realme C33 (Aqua Blue, 32 GB)",4.4,"₹8,999","16,638 Ratings & 703 Reviews",3 GB RAM | 32 GB ROM | Expandable Upto 1 TB16.51 cm (6.5 inch) HD+ Display50MP + 0.3MP | 5MP Front Camera5000 mAh Lithium Ion BatteryUnisoc T612 Processor1 Year Manufacturer Warranty for Phone and 6 Months Warranty for In-Box Accessories,25% off
https://www.flipkart.com//realme-c33-night-sea-32-gb/p/itma112335dbe78a?pid=MOBGHBJGGVPHHTYQ&lid=LSTMOBGHBJGGVPHHTYQPKXLM2&marketplace=FLIPKART&store=tyy%2F4io&srno=b_3_64&otracker=browse&fm=organic&iid=9778f554-7a6a-447a-8787-6f093eee4e99.MOBGHBJGGVPHHTYQ.SEARCH&ppt=None&ppn=None&ssid=vuctiso24g0000001673531508768,"realme C33 (Night Sea, 32 GB)",4.4,"₹8,999","16,638 Ratings & 703 Reviews",3 GB RAM | 32 GB ROM | Expandable Upto 1 TB16.51 cm (6.5 inch) HD+ Display50MP + 0.3MP | 5MP Front Camera5000 mAh Lithium Ion BatteryUnisoc T612 Processor1 Year Manufacturer Warranty for Phone and 6 Months Warranty for In-Box Accessories,25% off
https://www.flipkart.com//vivo-t1-5g-starlight-black-128-gb/p/itm594222523bd8f?pid=MOBGB9TYNDFYKNQ6&lid=LSTMOBGB9TYNDFYKNQ6QMGH15&marketplace=FLIPKART&store=tyy%2F4io&srno=b_3_65&otracker=browse&fm=organic&iid=9778f554-7a6a-447a-8787-6f093eee4e99.MOBGB9TYNDFYKNQ6.SEARCH&ppt=None&ppn=None&ssid=vuctiso24g0000001673531508768,"vivo T1 5G (Starlight Black, 128 GB)",4.3,"₹15,990","59,607 Ratings & 4,787 Reviews",4 GB RAM | 128 GB ROM | Expandable Upto 1 TB16.71 cm (6.58 inch) Full HD+ Display50MP + 2MP + 2MP | 16MP Front Camera5000 mAh Lithium BatteryQualcomm Snapdragon 695 Processor1 Year Handset and 6 Months Accessories,20% off
https://www.flipkart.com//realme-9-stargaze-white-128-gb/p/itm73722a6d35d36?pid=MOBGDYSHUGUDPEY4&lid=LSTMOBGDYSHUGUDPEY4MMBTA2&marketplace=FLIPKART&store=tyy%2F4io&srno=b_3_66&otracker=browse&fm=organic&iid=9778f554-7a6a-447a-8787-6f093eee4e99.MOBGDYSHUGUDPEY4.SEARCH&ppt=None&ppn=None&ssid=vuctiso24g0000001673531508768,"realme 9 (Stargaze White, 128 GB)",4.4,"₹14,599","55,851 Ratings & 4,062 Reviews",6 GB RAM | 128 GB ROM | Expandable Upto 256 GB16.26 cm (6.4 inch) Full HD+ AMOLED Display108MP + 8MP + 2MP | 16MP Front Camera5000 mAh Lithium Ion BatteryQualcomm Snapdragon 680 Processor1 Year Manufacturer Warranty for Phone and 6 Months Warranty for In-Box Accessories,30% off
https://www.flipkart.com//realme-9-meteor-black-128-gb/p/itm73722a6d35d36?pid=MOBGDYSHYBBS2BBF&lid=LSTMOBGDYSHYBBS2BBFXEWCRR&marketplace=FLIPKART&store=tyy%2F4io&srno=b_3_67&otracker=browse&fm=organic&iid=9778f554-7a6a-447a-8787-6f093eee4e99.MOBGDYSHYBBS2BBF.SEARCH&ppt=None&ppn=None&ssid=vuctiso24g0000001673531508768,"realme 9 (Meteor Black, 128 GB)",4.4,"₹14,599","55,851 Ratings & 4,062 Reviews",6 GB RAM | 128 GB ROM | Expandable Upto 256 GB16.26 cm (6.4 inch) Full HD+ AMOLED Display108MP + 8MP + 2MP | 16MP Front Camera5000 mAh Lithium Ion BatteryQualcomm Snapdragon 680 Processor1 Year Manufacturer Warranty for Phone and 6 Months Warranty for In-Box Accessories,30% off
https://www.flipkart.com//realme-9-meteor-black-128-gb/p/itm73722a6d35d36?pid=MOBGDYSHVUMESCUV&lid=LSTMOBGDYSHVUMESCUVBK8HJW&marketplace=FLIPKART&store=tyy%2F4io&srno=b_3_68&otracker=browse&fm=organic&iid=9778f554-7a6a-447a-8787-6f093eee4e99.MOBGDYSHVUMESCUV.SEARCH&ppt=None&ppn=None&ssid=vuctiso24g0000001673531508768,"realme 9 (Meteor Black, 128 GB)",4.4,"₹15,599","20,705 Ratings & 1,568 Reviews",8 GB RAM | 128 GB ROM | Expandable Upto 256 GB16.26 cm (6.4 inch) Full HD+ AMOLED Display108MP + 8MP + 2MP | 16MP Front Camera5000 mAh Lithium Ion BatteryQualcomm Snapdragon 680 Processor1 Year Manufacturer Warranty for Phone and 6 Months Warranty for In-Box Accessories,32% off
https://www.flipkart.com//realme-9-sunburst-gold-128-gb/p/itm73722a6d35d36?pid=MOBGDYSHHVWMECHS&lid=LSTMOBGDYSHHVWMECHSTFXBTZ&marketplace=FLIPKART&store=tyy%2F4io&srno=b_3_69&otracker=browse&fm=organic&iid=9778f554-7a6a-447a-8787-6f093eee4e99.MOBGDYSHHVWMECHS.SEARCH&ppt=None&ppn=None&ssid=vuctiso24g0000001673531508768,"realme 9 (Sunburst Gold, 128 GB)",4.4,"₹14,599","55,851 Ratings & 4,062 Reviews",6 GB RAM | 128 GB ROM | Expandable Upto 256 GB16.26 cm (6.4 inch) Full HD+ AMOLED Display108MP + 8MP + 2MP | 16MP Front Camera5000 mAh Lithium Ion BatteryQualcomm Snapdragon 680 Processor1 Year Manufacturer Warranty for Phone and 6 Months Warranty for In-Box Accessories,30% off
https://www.flipkart.com//poco-m4-pro-5g-yellow-128-gb/p/itme2c365d979338?pid=MOBGBEU99VVSJWG6&lid=LSTMOBGBEU99VVSJWG6JHNSLR&marketplace=FLIPKART&store=tyy%2F4io&srno=b_3_70&otracker=browse&fm=organic&iid=9778f554-7a6a-447a-8787-6f093eee4e99.MOBGBEU99VVSJWG6.SEARCH&ppt=None&ppn=None&ssid=vuctiso24g0000001673531508768,"POCO M4 Pro 5G (Yellow, 128 GB)",4.2,"₹13,999","41,584 Ratings & 3,730 Reviews","6 GB RAM | 128 GB ROM | Expandable Upto 1 TB16.76 cm (6.6 inch) Full HD+ Display50MP + 8MP | 16MP Front Camera5000 mAh Lithium-ion Polymer BatteryMediatek Dimensity 810 ProcessorOne Year for Handset, 6 Months for Accessories",30% off
https://www.flipkart.com//infinix-hot-12-7-purple-64-gb/p/itm2dedd3ceae379?pid=MOBGHY3ZGCPGJHQZ&lid=LSTMOBGHY3ZGCPGJHQZEDNIE6&marketplace=FLIPKART&store=tyy%2F4io&srno=b_3_71&otracker=browse&fm=organic&iid=9778f554-7a6a-447a-8787-6f093eee4e99.MOBGHY3ZGCPGJHQZ.SEARCH&ppt=None&ppn=None&ssid=vuctiso24g0000001673531508768,"Infinix Hot 12 (7° Purple, 64 GB)",4.2,"₹8,899","14,985 Ratings & 1,110 Reviews",4 GB RAM | 64 GB ROM17.32 cm (6.82 inch) HD+ Display50 MP + 2 MP Depth Lens + AI Lens | 8MP Front Camera6000 mAh Lithium-ion Polymer BatteryMeditek Helio G37 Processor1 Year on Handset and 6 Months on Accessories,31% off
https://www.flipkart.com//infinix-hot-12-exploratory-blue-64-gb/p/itm2dedd3ceae379?pid=MOBGHY3ZZNPU26HB&lid=LSTMOBGHY3ZZNPU26HBXFOZSZ&marketplace=FLIPKART&store=tyy%2F4io&srno=b_3_72&otracker=browse&fm=organic&iid=9778f554-7a6a-447a-8787-6f093eee4e99.MOBGHY3ZZNPU26HB.SEARCH&ppt=None&ppn=None&ssid=vuctiso24g0000001673531508768,"Infinix Hot 12 (Exploratory Blue, 64 GB)",4.2,"₹8,899","14,985 Ratings & 1,110 Reviews",4 GB RAM | 64 GB ROM17.32 cm (6.82 inch) HD+ Display50 MP + 2 MP Depth Lens + AI Lens | 8MP Front Camera6000 mAh Lithium-ion Polymer BatteryMeditek Helio G37 Processor1 Year on Handset and 6 Months on Accessories,31% off
